Organisation,Description,Category,Tech Stack,Tags,Idea List,IRC Channel,Org Page
52° North GmbH,52°North works on innovative ideas and technologies in geoinformatics,"
Science and Medicine
","['java', 'android', 'javascript', ' python', 'react']","['web services', 'floating car data', 'ogc standards', 'trajectory analytics']",https://wiki.52north.org/Projects/GSoC2020ProjectIdeas,https://wiki.52north.org/Projects/GSoC#Contact,https://summerofcode.withgoogle.com/archive/2020/organizations/6309633414660096/
AboutCode.org,"Find the origin, license and vulnerabilities of your code and deps.","
Programming Languages and Development Tools
","[' python', 'c/c++', 'rust', ' javascript', ' postgresql']","['dependencies', 'license-scan', 'application security', 'software analysis', 'machine learning']",https://github.com/nexB/aboutcode/wiki/GSOC-2020,https://gitter.im/aboutcode-org/discuss,https://summerofcode.withgoogle.com/archive/2020/organizations/6689005560659968/
Academy Software Foundation (ASWF),Open source foundation for film industry projects.,"
Graphics / Video / Audio / Virtual Reality
","['c/c++', ' python']","['2d/3d graphics', 'cloud computing', 'file formats', 'color management', 'filmmaking']",https://github.com/AcademySoftwareFoundation/tac/tree/master/gsoc,https://lists.aswf.io/,https://summerofcode.withgoogle.com/archive/2020/organizations/6043464124334080/
Accord Project,Linux Foundation’s open source project for smart legal contracts.,"
Programming Languages and Development Tools
","[' javascript', ' react', 'coq', 'ocaml', 'compiler']","['smart contracts', 'legal', 'blockchain', 'compilers', 'ai']",https://github.com/accordproject/techdocs/wiki/Google-Summer-of-Code,https://accord-project-slack-signup.herokuapp.com/,https://summerofcode.withgoogle.com/archive/2020/organizations/5947521500708864/
AerospaceResearch.net,making space together,"
Science and Medicine
","['python', 'vhdl', 'raspberry pi', 'sqlite', 'c++']","['cubesats', 'space applications', 'software defined radio', 'distributed computing', 'simulations']",https://aerospaceresearch.net/?p=1840,https://aerospaceresearch.zulipchat.com/,https://summerofcode.withgoogle.com/archive/2020/organizations/5720999993016320/
afl++,Making fuzzing more effective every day,"
Security
","['fuzzing', 'c/c++', 'qemu', 'llvm', 'sanitizers']","['bug finding', 'software testing', 'fuzzing']",https://github.com/vanhauser-thc/AFLplusplus/blob/master/docs/ideas.md,https://groups.google.com/forum/#!forum/afl-users,https://summerofcode.withgoogle.com/archive/2020/organizations/6438212253253632/
Amahi,Making Home Networking and Storage Simple,"
Operating Systems
","['ruby on rails', ' javascript', ' android', 'golang', 'swift']","['operating systems', ' networking', ' web servers', 'streaming', 'mobile-apps']",https://wiki.amahi.org/index.php/Google_Summer_of_Code_Ideas,https://wiki.amahi.org/index.php/IRC_Rules_and_Tips#IRC_Channels,https://summerofcode.withgoogle.com/archive/2020/organizations/5480514170912768/
Android Graphics Tools Team,Providing excellent tools for graphics developers and driver makers,"
Programming Languages and Development Tools
","['vulkan', 'opengl', 'c/c++', 'java', 'python 3']","['developer tools', '2d/3d graphics', 'debugging', 'profiling', 'bug finding']",https://github.com/google/graphicsfuzz/blob/master/docs/summer-of-code-ideas/2020.md,mailto:android-graphics-tools@google.com,https://summerofcode.withgoogle.com/archive/2020/organizations/5158050039595008/
AnitaB.org Open Source,Women transform technology. Technology transforms the world.,"
Other
","['ios', ' android', 'python', 'javascript']","['mobile', ' web', 'mobile programming', 'web programming']",https://github.com/anitab-org/anitab-org.github.io/wiki/GSoC-2020,http://anitab-org.zulipchat.com/,https://summerofcode.withgoogle.com/archive/2020/organizations/5270382996619264/
AOSSIE,Australian Umbrella Org for Open-Source Projects,"
End User Applications
","['javascript', 'swift', 'kotlin', 'python']","['electronic voting', 'natural language processing', 'machine learning', 'environment', 'social science']",https://aossie.gitlab.io/pages/ideas.html,https://gitter.im/aossie/home,https://summerofcode.withgoogle.com/archive/2020/organizations/5037209255673856/
Apertium,A free/open-source machine translation platform,"
Other
","['c++', 'bash', 'python', 'xml']","['machine translation', 'natural language processing', 'less-resourced languages']",https://wiki.apertium.org/wiki/Ideas_for_Google_Summer_of_Code,https://wiki.apertium.org/wiki/IRC,https://summerofcode.withgoogle.com/archive/2020/organizations/6269334810263552/
apertus° Association,Open Technology for Professional Film Production,"
Graphics / Video / Audio / Virtual Reality
","['fpga', 'vhdl', 'c/c++', 'linux', 'embedded']","['camera', 'vision', 'computational photography', 'image processing', 'digital imaging']",https://lab.apertus.org/project/view/20/,https://www.apertus.org/irc-chat,https://summerofcode.withgoogle.com/archive/2020/organizations/6145737898852352/
appleseed,A modern open source rendering engine for animation and visual effects,"
Graphics / Video / Audio / Virtual Reality
","['c++11', 'python', 'opengl']","['computer graphics', 'image synthesis', 'rendering', 'animation', 'simulation']",https://github.com/appleseedhq/appleseed/wiki/List-of-Project-Ideas-for-GSoC-2020,https://discord.gg/dNCE5J8,https://summerofcode.withgoogle.com/archive/2020/organizations/5459614121852928/
Arduino,Open source electronic prototyping platform,"
Programming Languages and Development Tools
","['arduino', 'golang', 'c/c++']","['electronics', ' robotics', 'interactivity']",https://github.com/arduino/summer-of-code,mailto:summer-of-code@arduino.cc,https://summerofcode.withgoogle.com/archive/2020/organizations/6264664972853248/
ArduPilot,"The world's most versatile, trusted and open autopilot","
Other
","['drones', 'python', 'robotics', 'linux', 'c/c++']","['vision', 'robotics', 'embedded systems', 'real-time os', 'drones']",https://ardupilot.org/dev/docs/gsoc-ideas-list.html,https://gitter.im/ArduPilot/GSoC,https://summerofcode.withgoogle.com/archive/2020/organizations/5108253115023360/
BeagleBoard.org,Open hardware community driven single board computers - Linux at the edge,"
Programming Languages and Development Tools
","['linux', ' tensorflow', ' python', ' javascript', ' opencv']","['robotics', 'iot', 'teaching', 'real-time', 'embedded']",https://beagleboard.org/gsocideas,https://beagleboard.org/chat,https://summerofcode.withgoogle.com/archive/2020/organizations/5073969981423616/
BioGears,ARA is an employee-owned scientific research and engineering company.,"
Science and Medicine
","[' c++11', 'c/c++', ' python', 'cmake']","['physiology', 'pharmacological modeling', 'computational biology', 'mathematical software']",https://github.com/BioGearsEngine/core/wiki/Ideas-List,https://github.com/BioGearsEngine/core/wiki/Getting-access-to-our-IRC-development-channel,https://summerofcode.withgoogle.com/archive/2020/organizations/6683736474648576/
Blender Foundation,We build a free and open source 3D creation suite.,"
Graphics / Video / Audio / Virtual Reality
","['c', 'c++', 'python', 'opengl', 'vulkan']","['3d', 'graphics', 'virtual reality', 'animation', 'artist tools']",https://wiki.blender.org/wiki/GSoC/Ideas_Suggestions,https://blender.chat,https://summerofcode.withgoogle.com/archive/2020/organizations/4852657564418048/
Boost C++,Boost provides free peer-reviewed portable C++ source libraries,"
Programming Languages and Development Tools
","[' c++17', 'c++11', 'c++']","['programming libraries', 'c++', 'peer-reviewed libraries', 'c++ standard']",https://github.com/boostorg/boost/wiki/Google-Summer-of-Code%3A-2020,https://gitter.im/boostorg/home,https://summerofcode.withgoogle.com/archive/2020/organizations/6585514028695552/
BRL-CAD,"We make solid modeling, 3D printing, & other computer-aided technologies (CAx)","
Graphics / Video / Audio / Virtual Reality
","['opencl', 'c/c++', 'python', 'tcl/tk', 'opengl']","['data visualization', '3d cad geometry', 'ray tracing', 'solid modeling', 'real-time computer graphics']",http://brlcad.org/wiki/Google_Summer_of_Code/Project_Ideas,https://brlcad.org/wiki/IRC,https://summerofcode.withgoogle.com/archive/2020/organizations/6396282903461888/
caMicroscope,Toolkit for cancer imaging research,"
Science and Medicine
","['javascript', ' python', ' java', ' medical imaging', ' tensorflow']","['science and medicine', ' data integration', ' distributed systems', ' cloud', ' precision medicine']",https://github.com/camicroscope/GSOC,http://bit.ly/camicroscope,https://summerofcode.withgoogle.com/archive/2020/organizations/5978557471260672/
Canadian Centre for Computational Genomics,Analytical solutions for Next-Generation Sequencing data,"
Science and Medicine
","['python', 'r-project', 'javascript', 'react', 'nodejs']","['bioinformatics', 'data science', 'visualization', 'statistics', 'web development']",https://bitbucket.org/mugqic/gsoc_2020,https://bitbucket.org/mugqic/gsoc_2020/src/master/mailing_list.md,https://summerofcode.withgoogle.com/archive/2020/organizations/5106421244362752/
Casbin,"Authorization library that supports access control models like ACL, RBAC, ABAC","
Security
","['go', ' javascript', 'react', 'rust', 'python']","['security', 'front-end', 'web', 'cloud', 'authorization']",https://github.com/casbin/SummerOfCode2020,https://casbin.org/en/help,https://summerofcode.withgoogle.com/archive/2020/organizations/6587176113930240/
Catrobat,Computational thinking for all with free visual coding apps,"
Programming Languages and Development Tools
","[' java', ' android', 'swift', 'ios', 'php']","['visual programming', 'app development', 'gaming', 'creativity tools', 'education']",https://catrob.at/gsoc20,https://github.com/Catrobat/Catroid#contributing,https://summerofcode.withgoogle.com/archive/2020/organizations/5707287336845312/
CCExtractor Development,"Tools to make the world more accessible. ML/AI, Rust, Flutter, peer-to-peer...","
Graphics / Video / Audio / Virtual Reality
","['c', 'python', 'ml', 'flutter', 'rust']","['vision', 'ai', 'media', 'linux', 'bittorrent']",https://www.ccextractor.org/public:gsoc:ideas_page_for_summer_of_code_2020,https://www.ccextractor.org/public:general:support,https://summerofcode.withgoogle.com/archive/2020/organizations/5987859833552896/
Ceph Foundation,The Future of Storage,"
Other
","['c/c++', 'jenkins', ' python', ' javascript', 'shell script']","[' distributed systems', 'software defined storage']",https://ceph.io/gsoc-2020/,https://ceph.com/irc/,https://summerofcode.withgoogle.com/archive/2020/organizations/6273779027673088/
CERN-HSF,The umbrella organization for Particle (High-Energy) Physics-related projects,"
Science and Medicine
","['c/c++', ' python', 'data analysis', 'machine learning', 'concurrency']","['big data', 'machine learning', 'performance optimization', 'algorithmics', 'particle physics']",http://hepsoftwarefoundation.org/activities/gsoc.html,https://hepsoftwarefoundation.org/activities/gsoc.html#for-students,https://summerofcode.withgoogle.com/archive/2020/organizations/5668658770083840/
CGAL Project,C++ library of computational geometry and geometry processing,"
Science and Medicine
","[' c++', 'git', 'qt']","['computational geometry', 'geometry processing', 'mesh processing', 'triangulation', 'arrangement']",https://github.com/CGAL/cgal/wiki/Project-Ideas,https://www.cgal.org/mailing_list.html,https://summerofcode.withgoogle.com/archive/2020/organizations/6008526545092608/
CHAOSS,CHAOSS creates software and metrics to better understand community health,"
Other
","['python', 'javascript', 'kibana', 'elasticsearch', 'mysql']","['community health', 'analytics']",https://github.com/chaoss/governance/blob/master/GSoC-Ideas.md,https://chaoss.community/participate/,https://summerofcode.withgoogle.com/archive/2020/organizations/6232321151205376/
Chapel,A Productive Parallel Programming Language,"
Programming Languages and Development Tools
","['chapel', 'high performance computing', 'c', 'c++', 'python']","['programming languages', 'compilers', 'high performance computing', 'distributed computing', 'parallel computing']",https://chapel-lang.org/gsoc/ideas.html,https://chapel-lang.org/developers.html,https://summerofcode.withgoogle.com/archive/2020/organizations/6722154118250496/
Checker Framework,"Prevent programming errors before they happen, via easy-to-use verification","
Programming Languages and Development Tools
",[' java'],"['programmer productivity', 'software engineering', 'verification', 'bug finding', 'type systems']",https://rawgit.com/typetools/checker-framework/master/docs/developer/gsoc-ideas.html,https://groups.google.com/forum/#!forum/checker-framework-gsoc,https://summerofcode.withgoogle.com/archive/2020/organizations/5983189996142592/
Checkstyle,Tool to help programmers write Java code that adheres to a coding standard.,"
Programming Languages and Development Tools
","[' java', 'antlr', 'xpath']","['static code analysis\u200e', 'code review tool', 'coding standards', 'coding conventions']",https://github.com/checkstyle/checkstyle/wiki/Checkstyle-GSoC-2020-Project-Ideas,https://gitter.im/checkstyle/checkstyle,https://summerofcode.withgoogle.com/archive/2020/organizations/4788704964509696/
CircuitVerse.org,Have fun exploring logic circuits right from your browser!,"
Web
","['rails', 'javascript', 'bootstrap', 'html5', 'canvas']","['web', 'simulations', 'pedagogy', 'education', 'digital logic design']",https://github.com/CircuitVerse/CircuitVerse/wiki/GSoC%2720-Project-List,https://join.slack.com/t/circuitverse-team/shared_invite/enQtNjc4MzcyNDE5OTA3LTdjYTM5NjFiZWZlZGI2MmU1MmYzYzczNmZlZDg5MjYxYmQ4ODRjMjQxM2UyMWI5ODUzODQzMDU2ZDEzNjI4NmE,https://summerofcode.withgoogle.com/archive/2020/organizations/5373782455222272/
CiviCRM,Open source CRM for nonprofits and civic sector organizations.,"
Data and Databases
","['php', ' javascript', 'angularjs', 'mysql']","['crm', 'nonprofits']",https://lab.civicrm.org/community/gsoc/blob/master/projects.md,https://chat.civicrm.org,https://summerofcode.withgoogle.com/archive/2020/organizations/4923749205278720/
Cloud Native Computing Foundation (CNCF),Building Sustainable Ecosystems for Cloud Native,"
Cloud
","['kubernetes', 'golang', 'cloud', 'rust', 'service mesh']","['cloud', ' web', 'devops', 'kubernetes', 'service mesh']",https://github.com/cncf/soc,https://github.com/cncf/soc#communication,https://summerofcode.withgoogle.com/archive/2020/organizations/5861737481371648/
CloudCV,Building platforms for reproducible AI research,"
Cloud
","['python', 'django', 'aws', 'docker', 'docker']","['machine learning', 'artificial intelligence', 'deep learning', 'computer vision']",https://gsoc.cloudcv.org,https://gitter.im/Cloud-CV/,https://summerofcode.withgoogle.com/archive/2020/organizations/6719687229964288/
Continuous Delivery Foundation,A Neutral Home for the Next Generation of Continuous Delivery Collaboration,"
Cloud
","['tekton', 'spinnaker', 'ci/cd', 'screwdriver']","['continuous delivery', 'continuous integration', 'cloud', 'devops']",https://github.com/cdfoundation/soc,https://github.com/cdfoundation/soc#communication-channels,https://summerofcode.withgoogle.com/archive/2020/organizations/6695549513760768/
coreboot,"Fast, secure and flexible OpenSource firmware","
Operating Systems
","['c', 'assembly', 'x86', 'arm']","['firmware', 'boot loader', 'drivers', 'hardware']",https://doc.coreboot.org/contributing/project_ideas.html,https://doc.coreboot.org/community/forums.html,https://summerofcode.withgoogle.com/archive/2020/organizations/5721709165936640/
Creative Commons,"Nonprofit building a vibrant, collaborative, and global digital commons.","
Web
","[' javascript', 'vue.js', ' python', 'django', 'wordpress']","['copyleft', 'web', 'creative commons', 'legal', 'nonprofits']",http://opensource.creativecommons.org/internships/project-ideas/,https://opensource.creativecommons.org/community/,https://summerofcode.withgoogle.com/archive/2020/organizations/5450793232105472/
CRIU,Checkpoint/Restore in User-space,"
Operating Systems
","['linux', 'c', ' assembly']","[' cloud', 'live migration', 'snapshots']",https://criu.org/Google_Summer_of_Code_Ideas,https://gitter.im/save-restore/CRIU,https://summerofcode.withgoogle.com/archive/2020/organizations/5765173698101248/
Cuneiform Digital Library Initiative (CDLI),International digital library of artifacts inscribed with cuneiform writing,"
Data and Databases
","['python 3', 'php', 'mysql', 'html', 'css']","['computational linguistics', 'web portal', 'data processing', 'data visualization', 'digitization']",https://github.com/cdli-gh/Framework/wiki/Google-Summer-of-Code-2020-Ideas-List,https://github.com/cdli-gh/Framework/wiki/GSoC-Contact,https://summerofcode.withgoogle.com/archive/2020/organizations/5649030769541120/
Dart,Dart is a client-optimized language for fast apps on any platform.,"
Programming Languages and Development Tools
","['dart', 'flutter', 'programming-language']",['mobile-apps'],https://github.com/dart-lang/sdk/wiki/Dart-GSoC-2020-Project-Ideas,https://groups.google.com/forum/#!forum/dart-gsoc,https://summerofcode.withgoogle.com/archive/2020/organizations/5806784012353536/
DBpedia,Global and Unified Access to Knowledge.,"
Data and Databases
","['python', 'scala', 'java', 'javascript', 'rdf']","['knowledge graph', 'natural language processing', 'semantic web', 'data science', 'linked data']",https://forum.dbpedia.org/tags/gsoc2020-ideas,https://dbpedia.slack.com/,https://summerofcode.withgoogle.com/archive/2020/organizations/4792495004712960/
Debian,The Universal Operating System,"
Operating Systems
","['git', ' python', ' javascript', 'c/c++', 'irc']","['operating systems', ' kernel', 'package managers', 'packaging']",https://wiki.debian.org/SummerOfCode2020/Projects,https://wiki.debian.org/IRC,https://summerofcode.withgoogle.com/archive/2020/organizations/6279124282245120/
Digital Impact Alliance (DIAL) at UN Foundation,"Open source projects for humanitarian work, international development, and peace","
Other
","['c++', 'javascript', 'android', 'php', 'python']","['nonprofit', 'humanrights', 'humanitarian', 'international', 'global']",https://hub.osc.dial.community/gsoc,http://hub.osc.dial.community/gsoc,https://summerofcode.withgoogle.com/archive/2020/organizations/6465676589400064/
Django Software Foundation,The web framework for perfectionists with deadlines.,"
Web
","['python', 'django']",['web development'],https://code.djangoproject.com/wiki/SummerOfCode2020,https://docs.djangoproject.com/en/dev/internals/contributing/new-contributors/,https://summerofcode.withgoogle.com/archive/2020/organizations/5420240042721280/
Drupal,Drupal is a Framework/CMS. It's built many of the sites and apps you use daily.,"
Web
","['php', 'symfony', 'sql', 'javascript', 'drupal 8']","['web development', 'cms', 'apps', 'mobile-apps', 'object oriented programming']",https://docs.google.com/document/d/1moUegv5oD3QRVTVLMrqGaazHlKAOTQZQciUjYtHiwgM,https://www.drupal.org/slack,https://summerofcode.withgoogle.com/archive/2020/organizations/5836893377265664/
Eclipse Foundation,"Non-profit, member-driven organization, a community of developers & OSS projects","
Other
","['eclipsejavaide', 'jakartaee', ' java', 'che', 'deep learning']","['cloud native java', 'automotive', 'tools', ' robotics', 'iot & edge']",https://wiki.eclipse.org/Google_Summer_of_Code_2020_Ideas,http://soc-dev@eclipse.org,https://summerofcode.withgoogle.com/archive/2020/organizations/4711920076062720/
Elastic,"We are the creators of Elasticsearch, Kibana, Beats, and Logstash.","
Data and Databases
","[' java', ' react', 'node.js', 'golang']","['databases', 'search', 'security', 'observability']",https://github.com/elastic/gsoc,https://ela.st/slack,https://summerofcode.withgoogle.com/archive/2020/organizations/4573440532545536/
Embox,Modular and configurable OS for embedded applications,"
Operating Systems
","['c', 'gcc', ' assembly']","[' embedded systems', 'rtos']",https://github.com/embox/embox/wiki/Google-Summer-of-Code-2020,https://t.me/embox_chat_en,https://summerofcode.withgoogle.com/archive/2020/organizations/4824946267652096/
Erlang Ecosystem Foundation,Supporting the Beam community,"
Programming Languages and Development Tools
","['erlang', 'elixir', 'lfe', 'beam']","['language', 'soft real-time', ' distributed systems', 'messaging', 'instant messaging']",https://github.com/erlef/gsoc/wiki,https://groups.google.com/forum/#!forum/gsoc-erlef,https://summerofcode.withgoogle.com/archive/2020/organizations/4857921046839296/
Fedora Project,"Fedora Linux is built on the foundations of Freedom, Friends, Features, & First","
Operating Systems
","['python 3', 'rest', 'linux', 'web development', 'linux distribution']","['containers', 'linux', 'distribution', 'mobile', 'web development']",https://docs.fedoraproject.org/en-US/mentored-projects/gsoc/2020/ideas/,https://webchat.freenode.net/?channels=#fedora-summer-coding,https://summerofcode.withgoogle.com/archive/2020/organizations/6477554824773632/
FFmpeg,"A complete, cross-platform solution to record, convert and stream audio & video","
Graphics / Video / Audio / Virtual Reality
","['c', 'asm', 'git']","['audio', 'video', 'subtitles', 'multimedia']",https://trac.ffmpeg.org/wiki/SponsoringPrograms/GSoC/2020,https://ffmpeg.org/contact.html#IRCChannels,https://summerofcode.withgoogle.com/archive/2020/organizations/4857919167791104/
FOSSology,Open Source Compliance with Open Source Software,"
End User Applications
","['php', ' javascript', 'c/c++', 'twig', ' python']","['licensing', 'compliance', 'spdx', 'oss licencing', 'license-scan']",https://github.com/fossology/fossology/issues/1587,http://fossology.slack.com,https://summerofcode.withgoogle.com/archive/2020/organizations/6163301563629568/
FrameNet Brasil (UFJF),Natural Language Understanding with structured computational semantics,"
Data and Databases
","['php', 'mysql', ' javascript', ' python']","['natural language processing', 'natural language understanding', 'multimodality', ' video processing', 'multilinguality']",http://www.ufjf.br/framenetbr-eng/summer-of-code/,https://framenetbrgsoc.slack.com/,https://summerofcode.withgoogle.com/archive/2020/organizations/5699340439388160/
Free and Open Source Silicon Foundation,Free the last nanometer! Open source silicon and EDA tools,"
Other
","['verilog', 'risc-v', ' python', 'c++']","['silicon', 'eda', 'fpga']",https://fossi-foundation.org/gsoc20-ideas.html,https://gitter.im/librecores/Lobby,https://summerofcode.withgoogle.com/archive/2020/organizations/6376070820921344/
FreeBSD Project,FreeBSD: The Foundation of the Internet,"
Operating Systems
","['c/c++', 'llvm', 'shell script', 'assembly', 'make']","['operating systems', 'virtualization', 'kernel', 'cloud', 'embedded systems']",https://wiki.freebsd.org/SummerOfCodeIdeas,https://wiki.freebsd.org/SummerOfCode/IRC,https://summerofcode.withgoogle.com/archive/2020/organizations/5650233226166272/
FreeType,FreeType is a freely available software library to render fonts.,"
Graphics / Video / Audio / Virtual Reality
","['c', 'gnu make', 'gnu autotools', 'python', 'fonts']","['graphics', 'library', 'rendering', 'fonts', 'opentype']",https://www.freetype.org/gsoc.html,https://www.freetype.org/contact.html,https://summerofcode.withgoogle.com/archive/2020/organizations/5205992846917632/
FRRouting,"Routing suite for *nix platforms including BGP, IS-IS, LDP, OSPF, PIM, and RIP.","
Other
","['c', 'linux', 'linux kernel', 'networking', ' lua']","[' networking', 'software defined networking', 'linux', 'performance', 'systems programming']",https://frrouting.github.io/frr-gsoc/year-2020/,https://frrouting.github.io/frr-gsoc/,https://summerofcode.withgoogle.com/archive/2020/organizations/5039063742021632/
GDevelop,The cross-platform game engine designed for everyone.,"
Programming Languages and Development Tools
","['javascript', 'c/c++', 'web development', 'game development', 'react']","['gaming', 'graphics', 'web applications', ' web', 'compilers']",http://wiki.compilgames.net/doku.php/gdevelop5/community/summer-of-code,https://discord.gg/rjdYHvj,https://summerofcode.withgoogle.com/archive/2020/organizations/5791816890187776/
Gentoo Foundation,"A highly flexible, source-based Linux distribution","
Operating Systems
","['shell', 'bash', 'c/c++', 'python', 'linux']","['operating systems', 'package management', 'embedded', 'init', 'security']",https://wiki.gentoo.org/wiki/Google_Summer_of_Code/2020,https://wiki.gentoo.org/wiki/Google_Summer_of_Code/2020/Application_Guidelines,https://summerofcode.withgoogle.com/archive/2020/organizations/4837823317803008/
GeomScale,Scalable algorithms for geometric statistics,"
Science and Medicine
","[' c++', 'r', ' python']","['mathematical software', 'statistics', 'biology', 'optimization', 'finance']",https://github.com/GeomScale/gsoc2020/wiki/table-of-proposed-coding-projects,https://gitter.im/GeomScale/community?utm_source=share-link&amp;utm_medium=link&amp;utm_campaign=share-link,https://summerofcode.withgoogle.com/archive/2020/organizations/4606415412396032/
Git,"fast, scalable, distributed revision control system","
Programming Languages and Development Tools
","['c', ' shell script', ' git']","['version control', 'dvcs']",https://git.github.io/SoC-2020-Ideas/,https://git-scm.com/community,https://summerofcode.withgoogle.com/archive/2020/organizations/5445576591671296/
Global Alliance for Genomics and Health,We develop open standards and tools for genomics to benefit human health,"
Science and Medicine
","['java', ' python', 'node.js', 'mongodb', 'spring']","['genomics', 'genetics', 'bioinformatics', 'web', 'standards']",https://docs.google.com/document/d/1e7Zros24V_phzBxgn9OV_N3A8ko7U_CIFXhBjzpDPok,mailto:gsoc@ga4gh.org,https://summerofcode.withgoogle.com/archive/2020/organizations/5086080816119808/
GNOME,The elegant and ethical desktop experience,"
End User Applications
","['c', 'rust', 'gtk', 'vala', ' python']","['desktop', 'games', 'applications', 'productivity']",https://wiki.gnome.org/Outreach/SummerOfCode/2020/Ideas,https://wiki.gnome.org/Community/GettingInTouch,https://summerofcode.withgoogle.com/archive/2020/organizations/4988908019908608/
GNSS-SDR,An open source Global Navigation Satellite Systems software-defined receiver.,"
Science and Medicine
","['c++', 'gnss']","['gnss', 'signal processing', 'navigation', 'software defined radio']",https://gnss-sdr.org/google-summer-code-2020-ideas-list/,https://gnss-sdr.org/about/#mailing-list,https://summerofcode.withgoogle.com/archive/2020/organizations/5600351610208256/
GNU Compiler Collection (GCC),GCC,"
Programming Languages and Development Tools
","['c/c++', 'gnu autotools', 'gnu make']","['compilers', 'toolchain', ' developer tools', 'openmp']",https://gcc.gnu.org/wiki/SummerOfCode,https://gcc.gnu.org/wiki/GCConIRC,https://summerofcode.withgoogle.com/archive/2020/organizations/4862862406713344/
GNU Octave,Free Your Numbers,"
Programming Languages and Development Tools
","[' c++', 'hg']","['mathematics', 'numerical computation', 'numerical methods', 'matlab', 'scientific computing']",https://wiki.octave.org/Summer_of_Code_-_Getting_Started#Suggested_projects,https://webchat.freenode.net/?channels=#octave,https://summerofcode.withgoogle.com/archive/2020/organizations/4670095013445632/
GNU Radio,The Free & Open Software Radio Ecosystem,"
Other
","['python', 'c++', 'qt']","['software defined radio', 'signal processing', 'communication']",https://wiki.gnuradio.org/index.php/GSoCIdeas,https://slack.gnuradio.org,https://summerofcode.withgoogle.com/archive/2020/organizations/6206096819093504/
Godot Engine,Godot is a multi-platform 2D and 3D game engine with a feature-rich editor,"
Graphics / Video / Audio / Virtual Reality
","['c/c++', 'opengl', 'vulkan']","['graphics', 'game development', 'cross-platform']",https://github.com/godotengine/godot-roadmap/blob/master/GSoC/GSoC-2020.md,https://godotengine.org/community,https://summerofcode.withgoogle.com/archive/2020/organizations/4877284235804672/
GPAC,C multimedia framework,"
Graphics / Video / Audio / Virtual Reality
","['c', 'javascript', 'opengl']","['multimedia', 'streaming', 'packaging', 'interactivity', 'rendering']",https://gpac.wp.imt.fr/jobs/google-summer-of-code-ideas/,mailto:contact@gpac.io,https://summerofcode.withgoogle.com/archive/2020/organizations/6028158437949440/
GraphQL Foundation,GraphQL is a fast and efficient query language for APIs.,"
Data and Databases
","['graphql', ' javascript', ' react', 'node.js']","['data and databases', 'api', 'graphql']",https://github.com/graphql/foundation/tree/master/mentorship/2020/gsoc,https://slack-invite.graphql.org,https://summerofcode.withgoogle.com/archive/2020/organizations/6354766843609088/
Haiku,A desktop operating system written in C++,"
Operating Systems
","['c++', 'posix', 'unix', 'webkit']","['filesystem', 'network', 'virtualization', 'kernel', 'drivers']",https://www.haiku-os.org/community/gsoc/2020/ideas,https://www.haiku-os.org/community/irc,https://summerofcode.withgoogle.com/archive/2020/organizations/5963723224645632/
Haskell.org,"Standardized, statically typed, lazy functional programming language","
Programming Languages and Development Tools
","['haskell', 'ghc', 'cabal', 'codeworld', 'servant']","['haskell', 'functional programming', ' education', 'build tools', 'compilers']",https://summer.haskell.org/ideas.html,https://summer.haskell.org/contact.html,https://summerofcode.withgoogle.com/archive/2020/organizations/4947391960055808/
Hazelcast,In-Memory Computing Platform,"
Data and Databases
","['java', ' distributed systems']","['in memory data grid', 'data streaming', 'stream processing']",https://docs.google.com/document/d/1w-84eTO8GGQEMg6Okv_B1UFxfpNPoqJQ1SZi9ECGWDY/edit?usp=sharing,https://gitter.im/hazelcast/gsoc,https://summerofcode.withgoogle.com/archive/2020/organizations/6487112334966784/
Homebrew,The Missing Package Manager for macOS (or Linux),"
Programming Languages and Development Tools
","['ruby', 'bash']","['package managers', 'package management', 'macos', 'linux']",https://github.com/Homebrew/gsoc,https://github.com/homebrew/brew,https://summerofcode.withgoogle.com/archive/2020/organizations/6369733965774848/
Hydra Ecosystem,Automate REST APIs. Build next generation API clients.,"
Web
","['python', 'rest', 'apis', 'hydra']","['web development', 'http', 'rest apis', 'knowledge graph']",https://www.hydraecosystem.org/gsoc-20,https://hydraecosystem.slack.com/join/shared_invite/enQtNzM3NTg5NzQ2MDUxLWU1MjM3ZGRhZWM4ZTg1ODBjMTljNTQwNzAwMGM3ZDlmYTY3Y2E4OGJmN2NlZWRjMWIzY2MzN2NjOTIyYmQ1ZjU,https://summerofcode.withgoogle.com/archive/2020/organizations/4811360279461888/
INCF,Enabling open and FAIR neuroscience,"
Science and Medicine
","['python', 'c/c++', 'java', 'tensorflow', 'javascript']","['neuroscience', 'brain modelling', 'neuroimage processing', 'data visualization', ' big data']",https://docs.google.com/document/d/19xlhgizLcv5x4kjap3nXoQMTNGnxaV-qiq0vrSe-HMo/edit?usp=sharing,mailto:gsoc@incf.org,https://summerofcode.withgoogle.com/archive/2020/organizations/6550809786974208/
Inclusive Design Institute,The IDI addresses the challenge of designing ICT to work for all potential users,"
End User Applications
","['javascript', 'html', 'css', 'node.js']","['accessibility', 'inclusion', 'web applications', 'web development', 'web']",https://wiki.fluidproject.org/display/fluid/Google+Summer+of+Code+2020+with+the+Fluid+Project,https://wiki.fluidproject.org/display/fluid/IRC+Channel,https://summerofcode.withgoogle.com/archive/2020/organizations/5992304050962432/
Inkscape,Vector graphics editor,"
Graphics / Video / Audio / Virtual Reality
","['c++', 'svg', 'gtk', ' python']","['graphics', 'web', 'geometry']",https://wiki.inkscape.org/wiki/index.php/Google_Summer_of_Code#Suggested_Project_Ideas,https://inkscape.org/community/,https://summerofcode.withgoogle.com/archive/2020/organizations/4527035860385792/
Intel Media And Audio For Linux,We work on Linux opensource video and audio software for Intel.,"
Graphics / Video / Audio / Virtual Reality
","['ffmpeg', 'gstreamer', 'sound open firmware', 'libxcam', 'vaapi']","['360 stereo video', 'opensource audio firmware', 'ffmpeg neuronetwork']",https://01.org/linuxmedia/gsoc/gsoc-2020-ideas,https://01.org/linuxmedia,https://summerofcode.withgoogle.com/archive/2020/organizations/5820969215590400/
Internet Archive,Universal Access to All Knowledge,"
Web
","[' javascript', ' python']","['web archving', 'library', 'books']",https://docs.google.com/document/d/1posF4zhq2lAz7eikloT9_K4LnHXfJ5VWGpCtJS6rJ0M/edit?usp=sharing,mailto:iagsoc2020@gmail.com,https://summerofcode.withgoogle.com/archive/2020/organizations/5652935767228416/
JBoss Community,Community of Java projects around JBoss Middleware,"
Web
","['java', 'golang', 'react']","['programming languages and development tools', 'cloud', 'database', 'kubernetes', 'aerogear']",https://docs.jboss.org/display/GSOC/Google+Summer+of+Code+2020+ideas,https://gitter.im/JBossOutreach/gsoc,https://summerofcode.withgoogle.com/archive/2020/organizations/6073291866898432/
JdeRobot - Universidad Rey Juan Carlos,A software toolkit for developing applications in Robotics and Computer Vision,"
Other
","[' ros', 'gazebo', ' python', 'c/c++', ' opencv']","['robotics', ' education', ' computer vision', 'developer tools']",https://jderobot.github.io/activities/gsoc/2020,https://gsyc.urjc.es/cgi-bin/mailman/listinfo/jde-developers,https://summerofcode.withgoogle.com/archive/2020/organizations/6129466817904640/
Jenkins project,Open-source automation server for building great things at any scale,"
Programming Languages and Development Tools
","['java', 'javascript', 'docker', 'kubernetes', 'go']","['continuous integration', 'continuous delivery', 'developer tools', 'devops', 'automation']",https://jenkins.io/projects/gsoc/2020/project-ideas/,https://gitter.im/jenkinsci/gsoc-sig,https://summerofcode.withgoogle.com/archive/2020/organizations/5087283272744960/
Joplin,A note taking and to-do application with synchronisation capabilities,"
End User Applications
","['node.js', 'electron', 'react native', 'terminal-kit', 'react']","['notes', 'synchronisation', 'sharing', 'encryption', 'cross-platform']",https://joplinapp.org/gsoc2020/ideas.html,https://discourse.joplinapp.org/,https://summerofcode.withgoogle.com/archive/2020/organizations/6331892753760256/
Kapitan,"Templated configuration management for Kubernetes, Terraform and other things","
Programming Languages and Development Tools
","['kubernetes', 'jsonnet', 'python 3', 'jinja2', 'terraform']","['programming languages', 'great developer tooling', ' cloud', 'kubernetes']",https://github.com/deepmind/kapitan/issues?q=is%3Aissue+is%3Aopen+label%3Agsoc,https://kubernetes.slack.com/archives/C981W2HD3,https://summerofcode.withgoogle.com/archive/2020/organizations/5566516864483328/
KDE Community,International community creating Free Software together,"
End User Applications
","['c++', 'qt', 'c', ' opencv']","['vr', 'graphics', 'applications']",https://community.kde.org/GSoC/2020/Ideas,https://webchat.kde.org/,https://summerofcode.withgoogle.com/archive/2020/organizations/4992468447133696/
Kiwix,Internet content for people without internet access,"
Web
","['python 3', 'c/c++', 'javascript', 'node.js', 'kotlin']",['offline access'],https://www.kiwix.org/en/google-summer-of-code/,https://webchat.freenode.net/?channels=#kiwix,https://summerofcode.withgoogle.com/archive/2020/organizations/5280668067561472/
Kodi Foundation,The ultimate entertainment center,"
End User Applications
","['ffmpeg', ' python', ' c++', 'sqlite', 'mysql']","['media', 'video', 'audio', 'games']",https://kodi.wiki/view/Google_Summer_of_Code/2020,https://kodi.wiki/view/Kodi_related_projects_and_sites,https://summerofcode.withgoogle.com/archive/2020/organizations/6555254004383744/
Kubeflow,The machine learning toolkit for Kubernetes.,"
Cloud
","['python', 'jupyter notebook', 'tensorflow', 'kustomize', 'kubernetes']","['machine learning', 'infrastructure', 'cloud', 'kubernetes']",https://docs.google.com/document/d/1AQDD9s8VpCf3y8OLKTBSMgDzHSjdsV_DOyL5dc-XCOQ/edit?usp=sharing,https://www.kubeflow.org/docs/about/community/,https://summerofcode.withgoogle.com/archive/2020/organizations/5374310232883200/
LabLua,Programming Languages Research with emphasis on the Lua language,"
Programming Languages and Development Tools
","['lua', 'céu', 'lunatik', 'pallene']","['scripting languages', 'reactive programming', 'compilers', 'operating systems']",http://www.lua.inf.puc-rio.br/gsoc/ideas2020.html,http://groups.google.com/group/labluagsoc,https://summerofcode.withgoogle.com/archive/2020/organizations/6003184142647296/
Libre Space Foundation,Open-source software and hardware technologies for space,"
Science and Medicine
","['python', 'django', 'sdr', 'embedded', 'space applications']","['space applications', 'spacecraft', 'space standards', 'satellite data']",https://gitlab.com/librespacefoundation/soc-org/-/wikis/Google-Summer-of-Code-2020#ideas,https://libre.space/community/,https://summerofcode.withgoogle.com/archive/2020/organizations/6184201612689408/
LibreHealth,Healthcare for Humanity,"
Science and Medicine
","['java', 'javascript', 'python 3', ' android', 'php']","['web', 'radiology', 'mobile-apps', 'information security', 'deep learning']",https://forums.librehealth.io/ideas,https://chat.librehealth.io,https://summerofcode.withgoogle.com/archive/2020/organizations/5842452507787264/
LibreOffice,LibreOffice is a free and open source office suite.,"
End User Applications
","[' c++', ' python', ' java']","['office suite', ' end-user application', 'desktop application', 'android']",https://wiki.documentfoundation.org/Development/GSoC/Ideas,https://wiki.documentfoundation.org/Website/IRC,https://summerofcode.withgoogle.com/archive/2020/organizations/6094595844210688/
libvirt,virtualization abstraction library,"
Cloud
","['kvm', 'xen', 'hypervisor', 'c', 'python']","['virtualization', 'library']",http://wiki.libvirt.org/page/Google_Summer_of_Code_Ideas,http://libvirt.org/contact.html#irc,https://summerofcode.withgoogle.com/archive/2020/organizations/5067783886340096/
Linkerd,Linkerd is the ultralight service mesh for Kubernetes and beyond,"
Cloud
","['linkerd', 'kubernetes', 'golang', 'rust']","['service mesh', 'cloud infrastructure', 'microservices', 'containers', ' networking']",https://linkerd.io/gsoc/index.html,http://linkerd.slack.com,https://summerofcode.withgoogle.com/archive/2020/organizations/6500210139725824/
Liquid Galaxy project,Liquid Galaxy is a remarkable panoramic system that is tremendously compelling.,"
Graphics / Video / Audio / Virtual Reality
","['python', 'vue', 'html', 'javascript', 'java']","['maps', 'machine learning', 'graphics', 'visualization', 'data visualization']",https://www.liquidgalaxy.eu/2019/12/ideas-page-for-google-summer-of-code.html,https://liquidgalaxy.slack.com/,https://summerofcode.withgoogle.com/archive/2020/organizations/6406567974404096/
lowRISC,Open to the core - collaborative engineering for open source silicon and tools,"
Other
","['systemverilog', 'c++', 'fpga', 'python', 'risc-v']","['open hardware', 'compilers']",https://www.lowrisc.org/docs/gsoc-2020-ideas/,https://lowrisc.zulipchat.com/,https://summerofcode.withgoogle.com/archive/2020/organizations/6088258989064192/
MacPorts,Open Source package manager for macOS.,"
End User Applications
","['tcl', 'c', 'python', 'scripting', 'buildbot']","['package management', 'macos', 'build tools', 'libraries']",https://trac.macports.org/wiki/SummerOfCode,https://www.macports.org/contact.php#IRC,https://summerofcode.withgoogle.com/archive/2020/organizations/4588406077652992/
MariaDB Foundation,One of the most popular databases on the web with many notable users,"
Data and Databases
","['mariadb', 'mysql', 'c', 'c++', 'java']","['databases', 'sql', 'performance', ' distributed systems']",https://mariadb.com/kb/en/mariadb/google-summer-of-code-2020/,https://mariadb.com/kb/en/meta/irc/,https://summerofcode.withgoogle.com/archive/2020/organizations/5950846174494720/
Matrix,"An open network for secure, decentralized communication","
Social / Communications
","['python', 'javascript', 'rust', 'go', ' react']","['encryption', 'realtime communication', 'decentralised', 'team chat', 'chat']",http://matrix-org.github.io/gsoc/#/projects,http://riot.im/app/#/room/#gsoc:matrix.org,https://summerofcode.withgoogle.com/archive/2020/organizations/6400769936326656/
MBDyn,Free general purpose Multibody Dynamics analysis,"
Science and Medicine
","['c++', ' python']","['mechanical engineering', 'aeronautics', 'automotive', 'multibody dynamics', 'scientific computing']",https://public.gitlab.polimi.it/DAER/mbdyn/-/wikis/Google-Summer-of-Code/Project-Ideas,http://lists.mbdyn.org/mailman/listinfo/mbdyn-users,https://summerofcode.withgoogle.com/archive/2020/organizations/4670622791106560/
MDAnalysis,A Python toolkit for analysing molecular dynamics simulations.,"
Science and Medicine
","['python', 'cython', 'numpy', 'c/c++']","['biophysics', 'computational chemistry', 'molecular simulation', 'cheminformatics', 'molecular dynamics']",https://github.com/MDAnalysis/mdanalysis/wiki/Project-Ideas-2020,https://groups.google.com/forum/#!forum/mdnalysis-devel,https://summerofcode.withgoogle.com/archive/2020/organizations/5997649305534464/
MetaBrainz Foundation Inc.,"We curate and publish community maintained data sets, focused on music and books","
Data and Databases
","['python', 'postgres', 'solr', 'perl', 'spark']","['music', 'books', 'metadata', 'community', 'open data']",https://wiki.musicbrainz.org/Development/Summer_of_Code/2020,https://metabrainz.org/contact,https://summerofcode.withgoogle.com/archive/2020/organizations/5387896221073408/
Metasploit,The world’s most used penetration testing framework,"
Security
","['ruby', 'postgresql', 'python', 'c', 'assembly']","['security', 'penetration testing', 'offensive security', 'exploitation']",https://github.com/rapid7/metasploit-framework/wiki/GSoC-2020-Project-Ideas,https://metasploit.com/slack,https://summerofcode.withgoogle.com/archive/2020/organizations/4999193090850816/
MGGG Redistricting Lab,MGGG researches applications in math and computer science for US redistricting,"
End User Applications
","['python', 'javascript', 'gis', 'julia', 'mapping']","['web-interface', 'statistics', 'graph algorithms', 'mapping', 'civic tech']",https://docs.google.com/document/d/145w9ji7tyBrvnMuW4TmFqb4jV6lqVnXr4De4CB-Vmnw/edit?usp=sharing,mailto:mggg.gsoc@gmail.com,https://summerofcode.withgoogle.com/archive/2020/organizations/4721222438354944/
MIT App Inventor,Anyone Can Build Apps That Impact the World,"
Programming Languages and Development Tools
","['javascript', 'java', 'google web toolkit', 'android', 'junit']","['education', 'mobile', 'web', 'apps', 'development']",https://github.com/mit-cml/appinventor-sources/wiki/Google-Summer-of-Code-2020,mailto:appinventor@mit.edu,https://summerofcode.withgoogle.com/archive/2020/organizations/6125092997693440/
Mixxx,DJ Mixing App With Powerful Features For All DJs,"
End User Applications
","['c++', 'qt', ' javascript', 'deep learning']","['music', 'dj', 'streaming', 'music information retrieval']",https://www.mixxx.org/wiki/doku.php/gsoc2020ideas,https://mixxx.zulipchat.com,https://summerofcode.withgoogle.com/archive/2020/organizations/5847122345197568/
mlpack,"mlpack is a fast, flexible machine learning library written in C++.","
Data and Databases
","['c++', ' python', 'templates', 'machine learning', ' deep learning']","['machine learning', 'optimization', 'data science', 'neighbor-search', 'reinforcement learning']",https://github.com/mlpack/mlpack/wiki/SummerOfCodeIdeas,https://www.mlpack.org/community.html#real-time-chat,https://summerofcode.withgoogle.com/archive/2020/organizations/5279502554365952/
Moira,Moira is a realtime alerting system based on Graphite data,"
Programming Languages and Development Tools
","['golang', ' javascript', 'typescript', 'graphite', ' react']","['devops', 'monitoring', 'alerting', 'devtools', 'sre']",https://moira.readthedocs.io/en/latest/gsoc.html,https://moira.readthedocs.io/en/latest/contacts.html,https://summerofcode.withgoogle.com/archive/2020/organizations/5420871000260608/
MoveIt,Moving robots into the future,"
Other
","['c++', 'ros']",['robotics'],https://moveit.ros.org/documentation/contributing/future_projects/,https://answers.ros.org/questions/scope:all/sort:activity-desc/tags:moveit/page:1/,https://summerofcode.withgoogle.com/archive/2020/organizations/5486699158700032/
Mozilla,Keeping the Internet open and accessible to all.,"
Web
","[' javascript', 'rust', 'html5', 'web development', ' python']","['web browser', 'devtools', 'information security', 'open source']",https://github.com/mozilla/GSOC2020/,https://chat.mozilla.org/#/welcome,https://summerofcode.withgoogle.com/archive/2020/organizations/5169365365817344/
MuseScore,MuseScore is music notation software used by millions of musicians worldwide,"
End User Applications
","['c++', 'qt', 'qml', 'cmake']","['music', 'notation software', 'piano', 'guitar']",https://musescore.org/en/handbook/developers-handbook/google-summer-code/google-summer-code-2020-ideas,https://t.me/musescoreeditorchat,https://summerofcode.withgoogle.com/archive/2020/organizations/5017312551239680/
mypy,Mypy is an optional static type checker for Python.,"
Programming Languages and Development Tools
",['python'],"['static code analysis\u200e', 'compiler']",https://github.com/python/mypy/issues/8373,https://gitter.im/python/typing,https://summerofcode.withgoogle.com/archive/2020/organizations/5440234189225984/
MZmine,MZmine is an open-source software for mass-spectrometry data processing.,"
Science and Medicine
","['java', 'javafx']","['mass spectrometry', 'molecular analysis', 'visualization', 'data processing', 'molecular networking']",http://mzmine.github.io/gsoc2020.html,https://mzmine.slack.com,https://summerofcode.withgoogle.com/archive/2020/organizations/6328123651522560/
National Resource for Network Biology (NRNB),Developing open source software to enable network-based biomedical discovery,"
Science and Medicine
","['java', 'javascript', 'python', 'r', 'rest']","['network biology', 'graphics', 'web application', 'scientific computing', 'data science']",https://github.com/nrnb/GoogleSummerOfCode/issues,https://groups.google.com/forum/#!forum/cytoscape-helpdesk,https://summerofcode.withgoogle.com/archive/2020/organizations/4549302816342016/
Neovim,hyperextensible Vim-based text editor,"
Programming Languages and Development Tools
","['c', 'lua', 'rpc']","['editor', 'programming']",https://github.com/neovim/neovim/wiki/GSoC-2020-Ideas,https://gitter.im/neovim/neovim,https://summerofcode.withgoogle.com/archive/2020/organizations/6636241820319744/
Netty,Netty is an asynchronous event-driven network framework,"
Web
","['java', 'jni', 'c']","['nonblocking', 'network', 'async']",https://github.com/netty/netty/wiki/Google-Summer-of-Code-Ideas-2020,https://gitter.im/netty/netty,https://summerofcode.withgoogle.com/archive/2020/organizations/5983819074633728/
NumFOCUS,NumFOCUS promotes open source scientific software.,"
Science and Medicine
","['python', 'c/c++', 'javascript', 'r', 'julia']","['scientific computing', 'graphics', 'data science', 'numerical computing']",https://github.com/numfocus/gsoc/blob/master/2020/ideas-list.md,https://groups.google.com/a/numfocus.org/forum/#!forum/gsoc,https://summerofcode.withgoogle.com/archive/2020/organizations/6692416771325952/
NV Access,Empowering lives through non-visual access to technology,"
Other
","['python', ' c++', ' ui automation', ' iaccessible2', ' win32 api']","['accessibility', ' blindness', ' screen reader', ' braille', ' text to speech']",https://github.com/nvaccess/nvda/wiki/gsoc-2020-ideas-list,https://sourceforge.net/p/nvda/lists/nvda-devel/,https://summerofcode.withgoogle.com/archive/2020/organizations/5653128168341504/
Open Bioinformatics Foundation (OBF),Promoting practice & philosophy of OSS & Open Science in biological research.,"
Science and Medicine
","['python', ' javascript', 'c/c++']","['bioinformatics', 'computational biology']",https://www.open-bio.org/events/gsoc/gsoc-project-ideas/,https://mailman.open-bio.org/mailman/listinfo/gsoc,https://summerofcode.withgoogle.com/archive/2020/organizations/4595548239167488/
Open Chemistry,Advancing Open Source and Open Science for Chemistry,"
Science and Medicine
","['c/c++', ' python', ' javascript', 'opengl', ' html']","['scientific visualization', ' scientific computing', 'computational chemistry', ' data science', 'cheminformatics']",http://wiki.openchemistry.org/GSoC_Ideas_2020,https://openchemistry.slack.com/,https://summerofcode.withgoogle.com/archive/2020/organizations/5796522697949184/
Open Genome Informatics,Association of open access genomics and bioinformatics projects.,"
Science and Medicine
","['neo4j', 'python', ' javascript', ' react', 'r-project']","['computational biology', 'biology', ' genomics', ' bioinformatics', 'data and databases']",http://gmod.org/wiki/GSOC_Project_Ideas_2020,http://irc.lc/freenode/genomeinformatics/,https://summerofcode.withgoogle.com/archive/2020/organizations/5089985813807104/
Open Roberta,Open Roberta® Lab is an online IDE introducing kids to program robots with NEPO®,"
Programming Languages and Development Tools
","['java', ' javascript']","[' education', 'web', 'visual programming', ' robotics']",https://github.com/OpenRoberta/openroberta-lab/wiki/Google-Summer-of-Code-2020,https://github.com/OpenRoberta/openroberta-lab/wiki/Community,https://summerofcode.withgoogle.com/archive/2020/organizations/4541796253696000/
Open Source Robotics Foundation,"Open source software for use in robotics research, education and industry","
Programming Languages and Development Tools
","['ros', 'gazebo', 'c++', 'python']",['robotics'],https://github.com/osrf/osrf_wiki/wiki/GSoC,http://wiki.ros.org/Get%20Involved,https://summerofcode.withgoogle.com/archive/2020/organizations/5551857973329920/
OpenAstronomy,Opening the eyes of research astronomy software to the whole world.,"
Science and Medicine
","['python', 'julia', 'spark', 'numba', ' javascript']","['astronomy', 'solar physics', 'orbital mechanics', 'high energy astrophysics', 'cloud infrastructure']",http://openastronomy.org/gsoc/gsoc2020/,http://openastronomy.org,https://summerofcode.withgoogle.com/archive/2020/organizations/4577601315667968/
OpenCV,https://opencv.org,"
Graphics / Video / Audio / Virtual Reality
","['c/c++', 'python 3', ' javascript', 'cuda']","['computer vision', 'deep learning', 'machine learning', 'robotics', 'graphics']",https://github.com/opencv/opencv/wiki/GSoC_2020#opencv-project-ideas-list,https://answers.opencv.org/questions/,https://summerofcode.withgoogle.com/archive/2020/organizations/6410072298618880/
OpenEMR,OpenEMR is a leader in healthcare open-source software,"
Science and Medicine
","['php', 'mysql', ' javascript', 'docker', ' html']","['medical records', 'health', 'cloud', 'medicine', 'medical practice management solution']",https://www.open-emr.org/summer-of-code/,https://www.open-emr.org/chat/,https://summerofcode.withgoogle.com/archive/2020/organizations/6277255937916928/
OpenHMD,Multi-Platform Open Source driver for AR/VR/XR devices with stable ABI.,"
Graphics / Video / Audio / Virtual Reality
","['c99', 'opengl', 'vulkan', 'opencv', 'libusb']","['virtual reality', 'xr', 'drivers', 'reverse engineering', 'computer vision']",https://github.com/OpenHMD/OpenHMD/wiki/GSOC-Idea's-(2020),http://www.openhmd.net/index.php/contact/,https://summerofcode.withgoogle.com/archive/2020/organizations/6405402461208576/
OpenMined,Answer questions using data you cannot see.,"
Other
","['deep learning', 'federated learning', 'homomorphic encryption', 'secure multi-party computation', 'differential privacy']","['privacy', 'artificial intelligence']",https://docs.google.com/document/d/1OA8277RB9ZN8u7Wgn6NqZK7tzixnZbSlkfulyqoo2G4/edit?usp=sharing,http://slack.openmined.org,https://summerofcode.withgoogle.com/archive/2020/organizations/5934410743939072/
OpenMRS,Write code. Save lives.,"
Science and Medicine
","[' java', ' javascript', 'spring', 'mysql', ' android']","['science and medicine', 'open source medical records', ' developing countries']",https://wiki.openmrs.org/display/RES/Summer+Of+Code+2020,https://wiki.openmrs.org/display/IRC/Home,https://summerofcode.withgoogle.com/archive/2020/organizations/6119294959616000/
OpenRefine,"a free, open source power tool for working with messy data and improving it","
Data and Databases
","[' java', ' javascript']","['real-time', 'data visualization', ' data integration', 'web application']",https://github.com/OpenRefine/OpenRefine/wiki/GSoC-2020%C2%A0Ideas,https://gitter.im/OpenRefine/OpenRefine,https://summerofcode.withgoogle.com/archive/2020/organizations/6727913602285568/
OpenStreetMap,Creating and distributing free geographic data for the world.,"
Data and Databases
","['javascript', 'java', ' python', 'sql', 'docker']","['maps', 'open data', 'crowdsourcing', 'gis']",https://wiki.openstreetmap.org/wiki/Google_Summer_of_Code/2020/Project_ideas,https://wiki.openstreetmap.org/wiki/IRC,https://summerofcode.withgoogle.com/archive/2020/organizations/5531645890789376/
openSUSE Project,openSUSE is a worldwide Free and Open Source Software community and project.,"
Operating Systems
","['linux', ' python', 'perl', 'rpm', ' javascript']","['tools', 'operating systems', 'software quality', 'build tools', 'containers']",https://101.opensuse.org/,https://en.opensuse.org/openSUSE:IRC_list,https://summerofcode.withgoogle.com/archive/2020/organizations/5703501222510592/
OpenWISP,A Hackable Network Management System for the 21st Century,"
Web
","['python', 'django', 'openwrt', 'javascript', 'lua']","['iot', ' networking', 'network visualization', 'wireless networks', 'network automation']",http://openwisp.org/gsoc/ideas-2020.html,https://gitter.im/openwisp/general,https://summerofcode.withgoogle.com/archive/2020/organizations/4717183558483968/
Oppia Foundation,Oppia is used for collaboratively building interactive and intelligent tutors.,"
Web
","['angular', ' python', ' css', 'kotlin', 'webpack']","['education', ' web', ' interactive', ' tools', ' community']",https://github.com/oppia/oppia/wiki/Google-Summer-of-Code-2020#oppias-project-ideas-list,https://github.com/oppia/oppia/wiki/Google-Summer-of-Code-2020#communication,https://summerofcode.withgoogle.com/archive/2020/organizations/4686040649957376/
Orcasound,Humans & machines listening together to save the whales.,"
Science and Medicine
","['elixir', ' react', 'javascript', ' python', 'raspberry pi']","['real-time', 'audio', 'citizen science', 'machine learning', 'web application']",https://docs.google.com/document/d/1Et_JYVS65GflgnbK3JNABPJO04MqMsKft3zcFHGaBoc,https://join.slack.com/t/orcasound/shared_invite/enQtODkwMzk3MjkwOTYxLTE2Mzc5NmFmNzNiM2ExYzBjMWMwMzgxMmQyMGQ0NTc1ZmE5ZTAzMWU1ZjM3OTdiOTAxYTZiYWI2YTE1YzhhZDU,https://summerofcode.withgoogle.com/archive/2020/organizations/6216078121762816/
OSGeo,The Open Source Geospatial Foundation,"
Other
","['c/c++', ' python', 'sql', 'open source databases', ' java']","['gis', 'geolocation', ' mapping', ' open science', 'citizen science']",https://wiki.osgeo.org/wiki/Google_Summer_of_Code_2020_Ideas,https://wiki.osgeo.org/wiki/Google_Summer_of_Code_Recommendations_for_Students#How_to_get_in_contact_via_IRC,https://summerofcode.withgoogle.com/archive/2020/organizations/5355444958134272/
OWASP Foundation,"OWASP, The Open Web Application Security Project","
Security
","['python', 'javascript', '.net', 'node.js']","['application security', 'web application security', 'information security', 'cyber security']",https://owasp.org/www-community/initiatives/gsoc/gsoc2020ideas,https://owasp.slack.com/messages/CFJLZNFN1,https://summerofcode.withgoogle.com/archive/2020/organizations/5260035782868992/
PEcAn Project,"Ecosystem science, policy, and management informed by the best data and models","
Science and Medicine
","['r', ' python', 'docker', 'postgresql', 'kubernetes']","['ecosystem models', 'scientific visualization', 'ecological forecasting', 'data science', 'climate science']",https://pecanproject.github.io/gsoc_ideas.html,https://join.slack.com/t/pecanproject/shared_invite/enQtMzkyODUyMjQyNTgzLWEzOTM1ZjhmYWUxNzYwYzkxMWVlODAyZWQwYjliYzA0MDA0MjE4YmMyOTFhMjYyMjYzN2FjODE4N2Y4YWFhZmQ,https://summerofcode.withgoogle.com/archive/2020/organizations/4860868635918336/
Percona,Unbiased open source database experts.,"
Data and Databases
","[' javascript', 'shell script', 'golang', 'prometheus', 'grafana']","['data visualization', 'automation', 'load testing', 'alerts', 'testing']",https://www.percona.com/googlesummerofcode2020#ideas,https://www.percona.com/googlesummerofcode2020,https://summerofcode.withgoogle.com/archive/2020/organizations/5002697415065600/
Performance Co-Pilot,System-level performance analysis toolkit,"
Operating Systems
","['c', 'redis', 'grafana', 'rest', 'libuv']","['performance', 'analysis', 'distributed', 'timeseries', 'lightweight']",https://pcp.io/gsoc/2020/ideas.html,https://pcp.io/community.html,https://summerofcode.withgoogle.com/archive/2020/organizations/5233572744527872/
Pitivi,Allowing everyone on the planet to express themselves through filmmaking,"
Graphics / Video / Audio / Virtual Reality
","['gtk', ' gstreamer', ' c', 'python 3']","['filmmaking', ' video editing', ' video processing']",http://developer.pitivi.org/GSoC_Ideas.html,http://www.pitivi.org/?go=contact,https://summerofcode.withgoogle.com/archive/2020/organizations/6385935689711616/
Point Cloud Library,An open project for 2D/3D image and point cloud processing.,"
Graphics / Video / Audio / Virtual Reality
","['cpp', 'cmake', 'devops']","['3d computer vision', ' robotics', 'perception']",http://github.com/PointCloudLibrary/pcl/wiki/PCL-GSoC-Ideas,https://discord.gg/gvcqHTW,https://summerofcode.withgoogle.com/archive/2020/organizations/6128597321908224/
PostgreSQL,PostgreSQL is the world's most advanced Open Source database!,"
Data and Databases
","['postgresql', 'postgres', 'sql', 'c', 'perl']","['data', 'database', 'rdbms', 'sql', 'data management']",https://wiki.postgresql.org/wiki/GSoC_2020,https://www.postgresql.org/community/irc/,https://summerofcode.withgoogle.com/archive/2020/organizations/6566134096068608/
Postman,The Collaboration Platform for API Development,"
Programming Languages and Development Tools
","['node.js', ' javascript']","['api management', ' developer tools', 'api', 'programmer productivity']",https://github.com/postmanlabs/gsoc/blob/master/2020/IDEAS.md,https://github.com/postmanlabs/gsoc/blob/master/README.md,https://summerofcode.withgoogle.com/archive/2020/organizations/5654790253576192/
Processing Foundation,Our goal is to empower people of all backgrounds to learn how to program.,"
Programming Languages and Development Tools
","[' python', ' android', ' opengl', ' java', ' javascript']","['creative coding', 'graphics', 'web', ' education', 'design']",https://github.com/processing/processing/wiki/Project-List,http://pf-gsoc.slack.com,https://summerofcode.withgoogle.com/archive/2020/organizations/5988762313555968/
Purr Data,realtime audio/video visual programming language,"
Graphics / Video / Audio / Virtual Reality
","['html5', ' javascript', 'opengl', 'svg', 'c/c++']","['real-time', 'audio', '2d/3d graphics', 'visual programming', 'music']",https://git.purrdata.net/jwilkes/summer-of-code-ideas-list,http://disis.music.vt.edu/cgi-bin/mailman/listinfo/l2ork-dev,https://summerofcode.withgoogle.com/archive/2020/organizations/5158498192588800/
Python Software Foundation,Python is a programming language used by software developers and scientists.,"
Programming Languages and Development Tools
",['python'],"['security', 'machine learning', 'ui design', 'science']",https://python-gsoc.org/,https://python-gsoc.org/index.html#contact,https://summerofcode.withgoogle.com/archive/2020/organizations/6706162411503616/
QEMU,Open source machine emulator and virtualizer,"
Cloud
","['linux', 'kvm', 'c', 'virtualization', 'rust']","['emulator', 'hypervisor', 'lowlevel', 'code generation', 'compiler']",https://wiki.qemu.org/Google_Summer_of_Code_2020,https://webchat.oftc.net/?nick=&amp;channels=%23qemu-gsoc&amp;uio=d4,https://summerofcode.withgoogle.com/archive/2020/organizations/6231608723505152/
Qubes OS,A reasonably security operating system,"
Operating Systems
","['c', 'python', 'xen', 'shell', 'linux']","['virtualization', 'operating systems', 'security', 'privacy']",https://www.qubes-os.org/gsoc/,https://www.qubes-os.org/support/#qubes-devel,https://summerofcode.withgoogle.com/archive/2020/organizations/4924517870206976/
R Project for Statistical Computing,R is a free software environment for statistical computing and graphics,"
Programming Languages and Development Tools
","['r-project', 'c', 'c++', 'fortran', ' javascript']","['data science', 'data visualization', 'statistics', 'graphics', 'machine learning']",https://github.com/rstats-gsoc/gsoc2020/wiki/table-of-proposed-coding-projects,https://join.slack.com/t/rstats-gsoc/shared_invite/enQtOTU1ODg1MzY2Nzc0LTU1ZDc0NjA3MGIyZWQ4MGViMmQzOWUxYjY3ZDc0MDJlYTg0YmRiY2NmYjUzYTA0YjExMzMzNjYxMWRhMDgxNjI,https://summerofcode.withgoogle.com/archive/2020/organizations/4761521042751488/
Radare,Radare2 - Reverse Engineering Framework and Toolset,"
Security
","['c', 'c++', 'python', 'go', 'qt']","['reverse engineering', 'disassembly', 'debugging', 'program analysis']",https://radare.org/gsoc/2020/ideas.html,https://radare.org/r/me.html,https://summerofcode.withgoogle.com/archive/2020/organizations/6102444192301056/
ReactOS,Open your windows to freedom!,"
Operating Systems
","['c', 'c++', 'win32', 'nt']","['operating systems', 'drivers', 'kernel', 'windows', 'applications']",https://reactos.org/wiki/Google_Summer_of_Code_2020_Ideas,https://chat.reactos.org,https://summerofcode.withgoogle.com/archive/2020/organizations/5352970822090752/
Red Hen Lab,Research on Multimodal Communication,"
Science and Medicine
","['nlp', 'asr', 'opencv', 'machine learning', 'data science']","['multimedia', 'data science', 'communication', 'big data', 'cognitive science']",https://sites.google.com/site/distributedlittleredhen/summer-of-code/gsoc-2020-ideas-page,mailto:redhenlab@gmail.com,https://summerofcode.withgoogle.com/archive/2020/organizations/6243181680656384/
RoboComp,An open-source framework to develop and manage robot components,"
Other
","['python', ' c++11', ' component-based development', ' qt', ' opencv']","['robotics', ' computer vision', ' multi-agent system', ' component-based development']",https://robocomp.github.io/web/gsoc/2020/ideas/,https://groups.google.com/forum/?hl=en#!forum/robocomp-dev,https://summerofcode.withgoogle.com/archive/2020/organizations/6622081011154944/
Rocket.Chat,Open source team chat and federated collaboration platform,"
Social / Communications
","['javascript', 'react', 'reactnative', 'chatbots', 'ruby']","['social-network', 'communication', 'collaboration', 'team chat', 'instant messaging']",https://rocket.chat/docs/contributing/google-summer-of-code-2020/#project-ideas,https://open.rocket.chat/channel/gsoc2020,https://summerofcode.withgoogle.com/archive/2020/organizations/4707433043197952/
RTEMS Project,RTEMS is a real-time operating system kernel used around the world and in space.,"
Operating Systems
","['c/c++', ' python', ' assembly', ' posix ', ' bsd unix']","['real time', ' kernel', ' embedded systems', ' multicore', ' iot cps']",https://devel.rtems.org/wiki/Developer/OpenProjects,https://devel.rtems.org/wiki/Developer/IRC,https://summerofcode.withgoogle.com/archive/2020/organizations/4511020028002304/
Ruby,"The Ruby programming language, libraries, and Ruby projects","
Programming Languages and Development Tools
","['ruby', ' c', ' java']","['programming language', ' developer tools', ' web servers', 'cloud']",https://github.com/rubygsoc/rubygsoc/wiki/Ideas-List,https://slack.bundler.io,https://summerofcode.withgoogle.com/archive/2020/organizations/5633129894641664/
SageMath,open-source mathematics software system,"
Science and Medicine
","['python', 'cython']","['mathematics', ' education', ' research', ' math']",https://wiki.sagemath.org/GSoC/2020,https://groups.google.com/group/sage-gsoc/,https://summerofcode.withgoogle.com/archive/2020/organizations/6190385258299392/
Samba,Opening windows to a wider world,"
Data and Databases
","['smb', 'cifs', 'c', ' python']",[' networking'],https://wiki.samba.org/index.php/SoC/Ideas,https://www.samba.org/samba/irc.html,https://summerofcode.withgoogle.com/archive/2020/organizations/5671203068444672/
SCoRe Lab,"SCoRe has conducted research covering various aspects of Security, Mobile & IOT.","
End User Applications
","['python', 'mobile', 'cloud', 'web development', 'machine learning']","['information security', 'mobile', 'cloud', 'web development', 'machine learning']",https://www.scorelab.org/gsoc-2020/,https://gitter.im/scorelab/scorelab,https://summerofcode.withgoogle.com/archive/2020/organizations/5384571547287552/
ScummVM,ScummVM is a GSoC umbrella for game preservation projects,"
End User Applications
","['c++', ' sdl', ' opengl', ' assembly', ' lua']","['games', ' game engines', ' software preservation', ' software archeology']",https://wiki.scummvm.org/index.php?title=Summer_of_Code/GSoC_Ideas_2020,https://wiki.scummvm.org/index.php/Summer_of_Code/GSoC_Contact,https://summerofcode.withgoogle.com/archive/2020/organizations/6265295930392576/
Shogun,Unified and efficient Machine Learning,"
Science and Medicine
","[' python', 'c++', 'data science', 'machine learning', 'matlab']","['machine learning', ' scientific computing', ' software engineering', ' user experience', ' data science']",https://github.com/shogun-toolbox/shogun/wiki/Google-Summer-of-Code-2020-Projects,http://webchat.freenode.net/?channels=shogun&amp;uio=d4,https://summerofcode.withgoogle.com/archive/2020/organizations/4722091934351360/
SPDX,An open standard for communicating Software Bill of Materials,"
Other
","[' python', ' java', 'golang', 'node.js', 'xml']","['open source', 'compliance', 'licensing']",https://wiki.spdx.org/view/GSOC/GSOC_ProjectIdeas,https://gitter.im/spdx-org,https://summerofcode.withgoogle.com/archive/2020/organizations/6283949946437632/
Ste||ar group,Shaping a Scalable Future,"
Programming Languages and Development Tools
","['cpp', 'hpx', 'python', 'hpc', 'cuda']","['high performance computing', 'asynchronous manytask systems', 'machine learning', 'deep learning']",https://github.com/STEllAR-GROUP/hpx/wiki/Google-Summer-of-Code-%28GSoC%29-2020,https://github.com/STEllAR-GROUP/hpx/wiki/Hints-for-Successful-Proposals,https://summerofcode.withgoogle.com/archive/2020/organizations/6742658493448192/
strace,linux syscall tracer,"
Operating Systems
","['linux', 'c', 'shell', 'make', 'awk']","['diagnostic', 'debugging', 'tracing']",https://strace.io/wiki/GoogleSummerOfCode2020,https://strace.io,https://summerofcode.withgoogle.com/archive/2020/organizations/5627435304878080/
Submitty,Programming assignment submission with automated grading and manual TA grading,"
Other
","['php', 'python', 'postgresql', 'c++', 'javascript']","['education', 'web', 'communication', 'visualization', 'privacy/security']",https://submitty.org/developer/project_ideas,https://submitty.org/contact,https://summerofcode.withgoogle.com/archive/2020/organizations/5702344097923072/
Sugar Labs,"We make tools that learners use to explore, discover, create, and reflect.","
End User Applications
","['python', 'javascript', 'gtk', 'pygame', 'c']",['education'],https://github.com/sugarlabs/GSoC/blob/master/Ideas-2020.md,https://wiki.sugarlabs.org/go/Google_Code_In_2019#Getting_set_up_on_IRC,https://summerofcode.withgoogle.com/archive/2020/organizations/6305701137219584/
Swift,"Swift is a modern, type-safe, and fun general purpose programming language","
Programming Languages and Development Tools
","['swift', 'c++']","['developer tools', 'programming languages']",https://swift.org/gsoc2020,http://forums.swift.org,https://summerofcode.withgoogle.com/archive/2020/organizations/4543471290941440/
SymbiFlow,A completely FOSS toolchain for FPGAs.,"
Programming Languages and Development Tools
","['c/c++', 'fpga', ' python', 'verilog']","['fpga', 'programming languages and development tools']",https://github.com/SymbiFlow/ideas/issues,https://webchat.freenode.net/?channels=symbiflow,https://summerofcode.withgoogle.com/archive/2020/organizations/5628676583981056/
SymPy,Symbolic mathematics in Python,"
Science and Medicine
",['python'],"['mathematics', 'symbolic mathematics', 'physics']",https://github.com/sympy/sympy/wiki/GSoC-2020-Ideas,https://gitter.im/sympy/sympy,https://summerofcode.withgoogle.com/archive/2020/organizations/5669371197784064/
Synfig,Open-source 2D animation software,"
Graphics / Video / Audio / Virtual Reality
","[' c++', 'gtk', 'gtkmm', 'python']","['vector graphics', 'animation', '2d/3d graphics']",https://synfig-docs-dev.readthedocs.io/en/latest/gsoc/2020/ideas.html#projects-ideas,https://forums.synfig.org/c/development,https://summerofcode.withgoogle.com/archive/2020/organizations/5710829074251776/
syslog-ng,"syslog-ng is an enhanced log daemon, supporting a wide range of I/O methods","
Other
","['elasticsearch', 'kafka', 'sql', 'python', 'c']","[' cloud', 'logging', 'high performance data processing', 'reliable log transfer', 'data processing pipeline']",https://github.com/syslog-ng/syslog-ng/wiki/GSoC2020-Idea-&amp;-Project-list,https://gitter.im/balabit/syslog-ng,https://summerofcode.withgoogle.com/archive/2020/organizations/6013743185526784/
TARDIS-SN,Exploring supernovae made easy,"
Science and Medicine
",['python'],"['astronomy', 'supernova', 'science']",https://tardis-sn.github.io/gsoc/category/ideas-page.html,http://gitter.im/tardis-sn/gsoc,https://summerofcode.withgoogle.com/archive/2020/organizations/6024226160508928/
TensorFlow,An open-source machine learning framework for everyone.,"
Other
","['machine learning', 'deep learning', 'python', 'data analysis', 'c/c++']","['deep learning', 'machine learning', 'python', 'data', 'data science']",https://docs.google.com/document/d/1zT57PFMGZ04A4CvHxAKVpMTgXjsO92_oKeSKwZMc0Gs/edit,http://gitter.im/tensorflow,https://summerofcode.withgoogle.com/archive/2020/organizations/5569649606918144/
The Apache Software Foundation,Providing open source software to the public free of charge,"
Programming Languages and Development Tools
","['java', ' c++']","[' big data', 'cloud', 'libraries']",https://s.apache.org/gsoc2020ideas,https://wiki.apache.org/general/IRC,https://summerofcode.withgoogle.com/archive/2020/organizations/6679967372410880/
The GNU Project,GNU is a free software Operating System and a collection of other utilities,"
Operating Systems
","['c/c++', ' javascript', ' android', ' python', 'scheme']","['http', 'operating systems', 'package managers', 'astronomy', 'reverse engineering']",https://www.gnu.org/software/soc-projects/ideas.html,https://lists.gnu.org/mailman/listinfo/summer-of-code/,https://summerofcode.withgoogle.com/archive/2020/organizations/5461276207087616/
The Honeynet Project,The Honeynet Project - R&D for Honeypot/Honeynet Technology and InfoSec Research,"
Security
","[' python', 'golang', 'honeypot', 'machine learning', 'networking']","['honeynets', 'honeypots', 'deception', 'research', 'malware']",https://gsoc.honeynet.org/,https://gsoc-slack.honeynet.org/,https://summerofcode.withgoogle.com/archive/2020/organizations/5961706703945728/
The Java Pathfinder Team,JPF is a highly extensible Java virtual machine built for software verification,"
Programming Languages and Development Tools
","['javajava', ' jvm', ' android', ' distributed systems']","['program analysis', ' test input generation', ' model checking', ' symbolic execution', ' verification of concurrent systems']",https://github.com/javapathfinder/jpf-core/wiki/GSoC-2020-Project-Ideas,https://groups.google.com/forum/#!forum/java-pathfinder,https://summerofcode.withgoogle.com/archive/2020/organizations/4643042893496320/
The Julia Language,A fresh approach to Technical Computing,"
Programming Languages and Development Tools
","['julia', 'julialang']","['technical computing', 'data science', 'scientific computing', 'machine learning', 'numerical computing']",https://julialang.org/jsoc/projects/,https://julialang.org/community/,https://summerofcode.withgoogle.com/archive/2020/organizations/6163109162516480/
The Libreswan Project,Encrypting the Internet with IKE and IPsec,"
Security
","['c', ' python']","['vpn', 'ipsec', 'ike']",https://libreswan.org/wiki/GSoC,https://libreswan.org/wiki/GSoC,https://summerofcode.withgoogle.com/archive/2020/organizations/5398756750524416/
The Linux Foundation,A non-profit consortium dedicated to fostering the growth of Linux,"
Operating Systems
","['c', 'c++', 'cups', 'ipp']","['automotive', 'printing', 'kernel', 'lsb', 'spdx']",https://wiki.linuxfoundation.org/gsoc/google-summer-code-2020,https://wiki.linuxfoundation.org/gsoc/google-summer-code-2020#if_you_have_questions,https://summerofcode.withgoogle.com/archive/2020/organizations/5415607517839360/
The LLVM Compiler Infrastructure,LLVM Compiler Infrastructure,"
Programming Languages and Development Tools
","['llvm', 'clang', 'mlir']","['compilers', 'debuggers', 'code analysis', 'programming languages and development tools']",http://llvm.org/OpenProjects.html,http://llvm.org/docs/#irc,https://summerofcode.withgoogle.com/archive/2020/organizations/5902726635978752/
The Mifos Initiative,End Poverty One Line of Code at a Time,"
End User Applications
","['android', 'java', 'angular', 'mysql', 'spring']","['fintech', 'mobile banking', 'cloud', 'big data', 'web']",https://mifosforge.jira.com/wiki/spaces/RES/pages/1118175247/Google+Summer+of+Code+2020+Ideas,https://gitter.im/openMF/mifos,https://summerofcode.withgoogle.com/archive/2020/organizations/6055344943398912/
The NetBSD Foundation,Of course it runs NetBSD,"
Operating Systems
","['c', 'bsd make']","['kernel', 'userland', 'unix', 'packaging', 'bsd']",https://wiki.NetBSD.org/projects/gsoc/,https://wiki.NetBSD.org/community/,https://summerofcode.withgoogle.com/archive/2020/organizations/6156737276542976/
The ns-3 Network Simulator Project,ns-3 is a packet-level network simulator for research and education.,"
Other
","['c/c++', ' python']","['research', ' networking', 'simulation']",https://www.nsnam.org/wiki/GSOC2020Projects,https://ns-3.zulipchat.com,https://summerofcode.withgoogle.com/archive/2020/organizations/5105708816662528/
The Terasology Foundation,Voxel world game/engine with a large focus on extensibility and developer tools,"
End User Applications
","[' java', 'lwgjl', 'opengl', 'blender', 'gradle']","['games', 'ai', 'graphics', 'voxel', 'sandbox']",https://trello.com/b/5QQGHuTt/gsoc-gsod-ideas,https://github.com/MovingBlocks/Terasology/wiki/Using-IRC,https://summerofcode.withgoogle.com/archive/2020/organizations/4504833932918784/
The Wine Project,"Wine runs Windows applications on Linux, BSD, Solaris, macOS and Android.","
Other
","['c', ' opengl', ' directx', ' win32', 'vulkan']","['compatibility', ' 3d', ' directx', ' opengl', 'vulkan']",https://wiki.winehq.org/SummerOfCode,https://www.winehq.org/irc,https://summerofcode.withgoogle.com/archive/2020/organizations/6331124088832000/
VideoLAN,Open Source Multimedia for everyone,"
Graphics / Video / Audio / Virtual Reality
","['c++', 'asm', 'c', 'go', 'c#']","['multimedia', ' video processing', 'vr', 'audio', 'video']",https://wiki.videolan.org/GSoC_2020,https://wiki.videolan.org/Contact_VideoLAN/#IRC,https://summerofcode.withgoogle.com/archive/2020/organizations/6444776540340224/
webpack,webpack is a module bundler.,"
Programming Languages and Development Tools
","[' javascript', 'webpack']",['web development'],https://docs.google.com/document/d/14LlDCLM_l0AMGbHtylYOVGVsh0L3VPxpDHiSLRDqJ7o/edit?usp=sharing,http://gitter.im/webpack,https://summerofcode.withgoogle.com/archive/2020/organizations/5144337383424000/
Wikimedia Foundation,Global movement whose mission is to bring free educational content to the world,"
Web
","[' html', ' css', ' python', 'javascript', 'php']","[' mediawiki', ' semantic web', ' i18n', 'wikipedia', 'wikimedia']",https://www.mediawiki.org/wiki/Google_Summer_of_Code/2020,https://wikimedia.zulipchat.com/#narrow/stream/220258-gsoc20-outreachy20,https://summerofcode.withgoogle.com/archive/2020/organizations/5593787323121664/
Wireshark,Wireshark is the world's foremost network protocol analyzer.,"
Security
","[' qt', 'c/c++', ' lua', 'pcap', 'cmake']","['network monitoring', 'data visualization', 'network security']",https://wiki.wireshark.org/GSoC2020,https://www.wireshark.org/develop.html,https://summerofcode.withgoogle.com/archive/2020/organizations/5630325851422720/
X.Org Foundation,"X Window System and related projects (Mesa, DRI, Wayland, etc.)","
Graphics / Video / Audio / Virtual Reality
","['x11', 'opencl', 'opengl', 'wayland', 'vulkan']","['graphics stack', '2d/3d graphics', 'windowing systems', 'testing/ci', 'gpu']",https://www.x.org/wiki/SummerOfCodeIdeas/,https://www.x.org/wiki/SummerOfCodeIdeas/,https://summerofcode.withgoogle.com/archive/2020/organizations/5883488672153600/
Xapian Search Engine Library,"Fast, scalable and flexible search","
Data and Databases
","['c++', 'unicode', 'swig', 'linux', 'golang']","['search', 'information retrieval', 'machine learning', 'linguistics', 'indexing']",https://trac.xapian.org/wiki/GSoCProjectIdeas,https://trac.xapian.org/wiki/GSoC_IRC,https://summerofcode.withgoogle.com/archive/2020/organizations/4524333319323648/
XMPP Standards Foundation,Secure and federated communication with open standards,"
Social / Communications
","[' java', 'xmpp', 'vala', 'webrtc', ' lua']","['instant messaging', 'realtime communication', 'voip']",https://wiki.xmpp.org/web/GSoC/2020/Project_Ideas,https://wiki.xmpp.org/web/GSoC/2020#Join_the_group_chat.21,https://summerofcode.withgoogle.com/archive/2020/organizations/5153224375402496/
XWiki,The Advanced Open Source Enterprise Wiki,"
Web
","[' java', ' javascript', 'html5', 'css', 'velocity']","['web development', 'wiki', 'platform', 'web applications', 'structured data']",https://gsoc.xwiki.org/,https://dev.xwiki.org/xwiki/bin/view/Community/Chat,https://summerofcode.withgoogle.com/archive/2020/organizations/6726059115937792/
Zulip,"Powerful, modern, open source team chat, complete with apps for every platform.","
Social / Communications
","['python', 'react native', 'django', 'typescript', 'electron']","['bots', 'mobile', 'chat', 'great developer tooling', 'visual design']",https://zulip.readthedocs.io/en/latest/overview/gsoc-ideas.html,https://chat.zulip.org,https://summerofcode.withgoogle.com/archive/2020/organizations/5924162381545472/
